taxi_id,number_of_idle_periods,avg_idle_minutes,avg_idle_hours
20000941,3,104776.81,1746.28
20000969,29,14006.26,233.44
20000312,583,784.22,13.07
20000510,643,766.44,12.77
20000609,563,708.87,11.81
20000579,746,683.06,11.38
20000079,100,637.37,10.62
20000072,931,550.63,9.18
20000185,668,540.52,9.01
20000449,961,531.46,8.86
20000902,1043,451.96,7.53
20000170,6,404.01,6.73
20000535,1278,397.55,6.63
20000315,1309,386.73,6.45
20000071,1356,374.45,6.24
20000225,1362,372.99,6.22
20000545,1244,354.68,5.91
20000407,1442,337.82,5.63
20000205,1321,333.62,5.56
20000443,1553,324.70,5.41
