taxi_id,number_of_trips,total_hours,total_distance_km
20000904,4933,1959.90,62646.08
20000129,7153,1649.78,36543.67
20000307,7312,1587.10,40014.93
20000529,6921,1507.28,42386.2
20000276,5802,1419.77,47048.33
20000436,5500,1410.69,44299.68
20000483,7650,1397.70,36172.72
20000372,6265,1387.13,40687.89
20000616,6581,1349.14,35407.56
20000179,6380,1322.20,39518.02
20000574,5864,1301.07,37305.15
20000235,6392,1287.88,36729.54
20000621,7254,1282.43,31985.44
20000364,7430,1280.50,41602.12
20000435,5830,1277.58,40993.09
20000199,6149,1270.79,39564.29
20000446,5280,1266.63,35163.64
20000011,5926,1266.12,38498.27
20000395,5483,1263.77,34202.49
20000492,7123,1262.56,33191.0
20000042,6442,1251.62,32474.19
20000648,6082,1249.83,38629.54
20000403,7849,1249.12,42746.14
20000540,5408,1248.44,40214.5
20000678,6485,1245.83,42311.57
20000233,6273,1234.01,32045.44
20000304,6391,1218.36,34463.45
20000455,4594,1217.53,36489.72
20000136,5633,1211.68,35202.98
20000249,6045,1208.08,32736.98
20000297,4548,1197.31,36569.45
20000367,6172,1197.01,34868.21
20000263,6367,1196.11,38957.22
20000239,5992,1194.79,34696.76
20000320,6062,1192.50,38947.13
20000688,5716,1191.58,33267.13
20000009,4733,1190.41,28515.67
20000607,3495,1181.28,20761.8
20000542,5708,1179.14,39230.35
20000337,5575,1175.69,35847.11
20000205,1322,1173.18,11699.25
20000140,6289,1172.38,38053.65
20000486,5596,1171.37,38333.92
20000424,7032,1168.58,37132.43
20000116,4427,1168.50,25965.9
20000325,6361,1161.55,32929.99
20000617,5419,1161.31,30240.68
20000653,6035,1152.81,34747.86
20000120,5591,1152.21,27695.26
20000171,6181,1151.78,35269.69
20000398,5359,1144.64,31389.06
20000351,5431,1142.45,56282.61
20000624,5751,1142.23,33014.36
20000010,5863,1141.90,34724.59
20000101,5527,1138.03,32413.99
20000675,5606,1136.97,30550.19
20000031,5756,1131.88,29034.89
20000195,5968,1128.68,31048.26
20000163,3456,1128.50,36617.8
20000450,6238,1110.83,31721.48
20000626,5905,1106.07,34109.8
20000520,4896,1100.58,25918.58
20000625,5831,1098.74,31503.82
20000328,5857,1096.87,34083.51
20000345,5316,1095.18,32965.13
20000089,6989,1094.50,36617.0
20000686,6156,1092.79,30256.83
20000671,5461,1092.15,28441.69
20000363,3918,1089.83,34145.39
20000005,6057,1089.82,31899.9
20000662,5108,1089.50,31778.88
20000561,5452,1089.45,34237.82
20000142,4326,1087.82,23996.41
20000012,5433,1083.42,31300.8
20000658,4984,1081.50,37539.19
20000611,5240,1077.02,27391.92
20000311,4460,1075.88,26785.97
20000406,5566,1074.30,30524.32
20000004,4898,1071.82,24806.1
20000665,5005,1063.24,33807.86
20000256,4702,1061.89,24844.72
20000285,5326,1056.50,27177.84
20000473,4981,1056.25,28860.18
20000273,5534,1055.71,36612.58
20000488,4632,1055.02,26889.25
20000472,5844,1051.78,34111.08
20000324,5356,1051.25,26430.33
20000305,5264,1049.13,30962.7
20000618,5503,1048.90,26477.98
20000560,5695,1047.64,32037.6
20000633,5298,1047.22,28864.05
20000359,5848,1046.38,28139.14
20000216,5484,1045.70,26843.32
20000007,5553,1042.75,29008.92
20000632,5648,1038.72,30069.19
20000600,5474,1031.51,28176.37
20000108,5336,1030.81,27524.43
20000338,4681,1029.23,26732.06
20000333,4960,1029.08,28700.1
20000434,4371,1026.87,33411.78
20000154,5696,1026.62,29065.97
20000081,4910,1025.33,26331.03
20000577,5244,1017.83,30758.77
20000376,4583,1012.59,28033.21
20000057,5420,1010.69,27269.44
20000173,5599,1009.47,31651.41
20000503,5893,1004.36,31906.48
20000207,4115,997.91,26263.0
20000067,5134,996.88,27476.34
20000013,4988,996.52,26936.67
20000360,5578,992.84,28890.53
20000517,5441,988.24,27983.14
20000060,5096,985.81,27514.87
20000015,4933,985.10,24149.72
20000612,5056,974.88,25809.89
20000077,4847,971.21,24220.84
20000569,3953,961.40,23238.92
20000640,5670,958.22,27001.41
20000668,3162,954.65,28088.59
20000153,4899,949.53,25787.71
20000308,5119,948.76,27849.92
20000649,5467,947.40,29322.91
20000502,3395,946.15,22580.67
20000074,3851,943.55,24646.55
20000672,4620,939.84,25657.39
20000341,5072,938.63,27530.72
20000157,4433,937.83,24734.69
20000423,5117,937.64,26142.72
20000252,4862,936.24,24249.28
20000197,4508,936.03,26932.61
20000105,5216,934.37,28101.29
20000361,4638,931.13,26896.07
20000245,4909,927.83,28401.22
20000476,5980,927.20,26654.39
20000356,4551,925.00,26067.93
20000591,4852,919.84,26952.97
20000518,4651,919.46,23762.69
20000269,5563,918.51,24187.02
20000664,4405,916.71,21638.88
20000589,4725,911.50,27270.83
20000514,5355,910.61,26806.04
20000525,5039,910.11,31961.7
20000680,4738,909.21,24705.53
20000684,4595,905.18,26353.52
20000008,4805,902.45,25901.18
20000595,4504,899.90,24154.25
20000598,4417,899.01,24781.49
20000391,4308,898.99,23377.98
20000058,4643,898.68,22526.01
20000188,4232,897.10,21292.29
20000506,3959,896.70,24820.59
20000166,4636,892.04,24718.39
20000480,4433,887.74,26087.37
20000657,4533,887.08,27656.8
20000224,4167,882.96,22438.25
20000541,4009,877.00,26225.93
20000431,4752,873.38,23194.26
20000902,1050,867.20,27000.22
20000310,4637,864.05,27572.92
20000066,6755,857.95,22500.02
20000651,3541,856.86,25893.95
20000041,3899,856.52,27110.57
20000051,4086,856.00,21175.38
20000482,4514,854.37,24289.54
20000100,3216,852.47,19497.74
20000419,3685,851.97,19126.25
20000343,4038,850.38,21258.2
20000167,5418,849.32,26439.57
20000242,4971,847.88,24815.44
20000901,4249,847.07,26059.77
20000206,2949,845.76,16261.73
20000085,3120,843.23,24311.2
20000268,4521,842.29,22774.93
20000601,5343,841.60,25478.6
20000075,3838,840.81,20113.76
20000054,4245,838.96,21463.23
20000137,3830,838.92,18584.66
20000112,4188,837.60,23243.46
20000254,4695,837.53,25093.57
20000271,4056,834.44,21075.67
20000036,3622,833.19,24379.32
20000588,4166,830.09,27058.44
20000303,4393,830.05,19601.43
20000497,4152,824.72,23333.15
20000039,3838,820.26,19582.44
20000187,4248,819.71,21167.65
20000387,3942,819.19,20253.31
20000114,3787,818.11,19549.3
20000381,4093,815.74,21829.58
20000160,4068,813.84,27697.18
20000451,3855,810.65,21615.16
20000389,4143,808.19,22260.93
20000370,4620,807.76,24308.61
20000020,4219,807.62,21152.71
20000687,4015,807.27,21123.74
20000454,4598,805.15,23245.34
20000596,3954,800.43,20770.94
20000344,4182,799.45,23728.24
20000430,4392,793.89,21433.16
20000161,3893,791.74,20401.97
20000409,4457,786.71,20665.36
20000184,4340,785.14,22568.11
20000332,3710,783.69,24915.86
20000288,3783,782.42,25495.62
20000309,3934,777.76,22798.03
20000280,4125,776.92,22840.43
20000562,3097,775.74,20961.5
20000429,4212,771.25,18094.93
20000571,3990,770.78,22158.99
20000594,3578,765.95,18539.38
20000463,4872,765.46,23188.57
20000663,4416,765.34,21735.62
20000002,3769,763.26,18720.99
20000400,3249,762.43,16646.56
20000215,3971,761.24,19688.84
20000576,3501,758.37,24219.57
20000229,3735,758.29,19294.17
20000022,3983,757.31,20296.17
20000674,3496,755.19,21173.66
20000481,4022,752.50,21812.55
20000554,3876,752.48,19649.7
20000014,4139,751.22,21069.23
20000440,3690,749.12,17820.75
20000138,3319,745.53,16559.3
20000548,3715,745.44,19905.2
20000507,2507,744.27,13312.02
20000349,3433,743.21,16926.77
20000453,3872,742.37,19345.18
20000321,3808,742.32,22050.58
20000570,3868,741.68,21068.26
20000260,4374,741.01,22310.8
20000467,3662,734.89,18299.96
20000196,4338,730.65,23259.81
20000393,2746,729.02,37128.22
20000421,3765,725.35,18518.51
20000465,4097,723.45,22825.67
20000496,2607,722.87,33716.7
20000113,3594,721.10,19007.46
20000186,3468,720.86,15452.06
20000092,3863,717.55,19747.18
20000001,2736,715.41,17481.32
20000388,3675,714.68,19647.35
20000192,3635,713.62,19857.48
20000516,2746,712.11,15992.84
20000255,3845,710.95,19992.73
20000123,3561,710.21,17867.39
20000524,4068,710.02,19577.17
20000247,3317,708.33,16867.48
20000667,3826,702.41,18498.58
20000549,3685,701.05,17065.38
20000334,3436,699.93,25544.38
20000250,3075,697.76,18838.48
20000527,2923,694.02,17146.19
20000608,2766,691.27,15775.02
20000267,3543,688.92,16491.86
20000261,3218,682.25,16795.26
20000392,4047,681.20,17204.29
20000151,3597,680.87,17678.24
20000513,3670,680.05,20250.83
20000243,3316,677.52,21607.97
20000534,2085,677.15,32214.73
20000546,3487,675.91,18739.82
20000380,3522,675.46,17492.6
20000565,3814,675.44,16905.15
20000030,3270,672.80,19512.24
20000021,3300,671.84,19826.09
20000384,3483,667.54,18389.95
20000172,1907,664.80,15924.03
20000178,3211,664.56,18476.8
20000326,3028,664.45,15079.06
20000386,3414,664.43,24491.1
20000156,3054,659.38,14969.78
20000083,3045,658.35,16084.22
20000038,3903,657.87,16574.05
20000189,3067,654.45,18415.29
20000597,3238,654.30,16453.85
20000605,3342,653.33,16754.23
20000426,2928,646.58,19280.23
20000509,3273,644.35,15017.71
20000119,3306,641.72,15905.88
20000331,3490,640.25,16475.99
20000044,3069,639.58,14240.68
20000201,3691,639.24,17993.44
20000697,3037,638.25,15603.08
20000515,3455,637.31,15759.13
20000046,3077,635.94,16727.31
20000619,3097,635.42,16317.77
20000572,3354,634.97,17762.01
20000314,3079,634.91,17149.64
20000251,3484,634.15,16547.91
20000329,2817,633.08,17155.14
20000383,2981,632.10,12858.73
20000158,3330,629.40,15743.85
20000470,3219,627.41,16707.97
20000086,2961,625.38,16071.58
20000109,3016,625.37,18841.23
20000602,2910,624.28,14724.1
20000032,3212,623.43,17452.39
20000053,3087,621.50,15821.44
20000279,2767,617.43,17106.3
20000681,2438,613.26,15450.86
20000174,3148,613.05,13428.97
20000508,3370,609.82,16226.5
20000159,2378,608.22,17498.09
20000460,3077,600.59,18962.9
20000610,3114,596.93,16968.9
20000347,2771,596.90,14127.32
20000900,3302,596.27,15942.66
20000050,2493,596.11,14299.71
20000146,3314,595.63,15125.61
20000500,2638,592.75,17893.64
20000095,2029,592.62,15381.24
20000131,2848,591.51,13778.35
20000410,2851,590.32,13904.01
20000353,3161,589.14,14508.39
20000539,2048,585.00,19767.25
20000118,3341,584.41,16172.36
20000006,3349,584.18,16433.45
20000352,2768,581.06,14218.89
20000327,2783,579.88,21436.01
20000578,3105,579.05,17889.29
20000068,2950,578.82,13604.95
20000494,3128,576.50,16528.04
20000258,2886,576.15,15928.49
20000107,2998,573.70,13830.26
20000452,2668,572.62,16665.79
20000104,2670,570.17,15432.55
20000346,2668,567.76,16315.81
20000177,2620,567.07,18944.31
20000226,2698,566.59,16468.38
20000084,2660,566.23,14321.9
20000296,2462,563.26,11520.88
20000099,2733,561.13,12666.72
20000111,2778,560.32,15208.46
20000623,2695,560.10,18133.9
20000272,3022,558.35,13095.69
20000198,3082,558.33,14259.76
20000604,2787,557.25,12975.62
20000148,3124,555.77,14614.38
20000682,2509,547.46,15924.05
20000128,2688,537.77,13480.08
20000281,2530,535.90,15281.4
20000045,2831,532.34,13769.81
20000230,2637,530.88,14852.62
20000023,2545,525.56,13171.49
20000342,2817,525.47,14571.98
20000048,2333,525.18,12653.8
20000213,2368,522.06,10806.94
20000144,2424,521.42,11139.66
20000217,2239,518.51,13554.85
20000557,2767,518.13,13312.55
20000408,2570,517.99,13392.92
20000027,2031,517.03,13514.42
20000523,2416,516.85,11931.48
20000432,2520,514.18,15975.1
20000126,2993,511.42,13286.32
20000504,2406,510.32,12196.63
20000448,2025,508.86,12470.58
20000698,2514,503.39,13960.3
20000222,2536,502.42,14937.99
20000017,2711,501.23,13503.81
20000603,2550,498.84,12232.11
20000495,2351,498.63,12238.94
20000076,2715,498.03,15480.81
20000669,2474,495.77,14527.21
20000190,2361,493.93,14835.56
20000257,2021,489.84,12369.32
20000024,2085,489.67,12853.86
20000377,2462,489.19,11264.67
20000903,2344,487.88,13792.97
20000464,2130,487.02,11912.75
20000362,2878,485.84,13543.25
20000477,2244,483.51,19389.41
20000073,2502,480.05,10786.63
20000543,2141,473.42,9681.95
20000049,2181,473.19,10053.83
20000499,2418,472.58,11771.56
20000040,2187,468.37,10297.92
20000693,1741,466.59,14655.06
20000330,2207,463.55,11091.91
20000094,2297,462.61,12378.95
20000484,2466,462.10,13002.06
20000458,2288,460.45,11513.13
20000373,1884,459.22,10418.32
20000295,2599,457.78,12251.71
20000676,2755,457.52,12829.45
20000246,2038,453.24,10115.8
20000289,1707,451.69,11970.59
20000468,2333,451.48,10898.53
20000294,1898,450.09,8924.47
20000037,2319,447.40,11053.33
20000606,2136,442.10,9759.05
20000026,2091,434.24,9061.73
20000180,2082,433.38,10115.36
20000319,2351,432.35,10611.21
20000620,2262,432.20,10735.77
20000080,5210,427.48,9652.28
20000456,2116,427.26,10024.36
20000231,2964,411.33,14272.17
20000286,2431,409.85,11886.6
20000047,2327,409.40,9354.05
20000547,2238,406.20,11062.13
20000055,2320,405.93,10995.43
20000695,1757,401.30,10115.46
20000685,2218,401.23,10143.65
20000121,1368,399.85,8606.9
20000487,1786,399.08,9188.41
20000340,1959,399.03,9142.48
20000152,2256,387.66,10520.48
20000634,1566,387.16,10366.84
20000093,1533,359.06,12655.0
20000065,1791,352.13,8823.74
20000521,1966,342.09,8366.67
20000615,1726,341.35,8308.1
20000098,1712,339.60,9134.23
20000443,1554,337.81,8365.76
20000670,1829,336.53,9322.14
20000397,1564,327.07,10176.91
20000692,1666,326.05,7952.42
20000018,1708,312.63,7154.08
20000315,1313,309.47,6625.4
20000003,1875,308.08,10915.13
20000510,644,306.86,13005.8
20000407,1443,293.96,7560.4
20000586,1438,293.80,7550.55
20000545,1245,287.25,9537.41
20000071,1357,277.45,6468.15
20000535,1279,277.30,5927.63
20000579,747,251.68,8502.83
20000225,1364,249.11,6542.71
20000312,584,215.19,6442.87
20000449,963,207.03,5488.03
20000072,932,152.70,4216.33
20000185,670,135.89,3226.85
20000609,565,127.52,3321.97
20000248,374,68.19,1742.43
20000585,291,59.47,1692.87
20000079,101,25.09,488.84
20000969,30,3.13,2.35
20000170,7,1.55,28.3
20000941,4,0.35,0.24
20000981,1,0.01,0.04
