row_no,taxi_id,most_used_call_type,trip_count
1,20000001,B,1303
2,20000002,B,1539
3,20000003,C,828
4,20000004,B,2670
5,20000005,B,3026
6,20000006,B,1696
7,20000007,B,2760
8,20000008,B,2645
9,20000009,B,2089
10,20000010,B,2821
11,20000011,B,2615
12,20000012,B,2222
13,20000013,B,2575
14,20000014,B,2521
15,20000015,B,2811
16,20000017,B,1123
17,20000018,B,940
18,20000020,B,2293
19,20000021,B,1894
20,20000022,B,1975
21,20000023,B,1339
22,20000024,B,758
23,20000026,B,1030
24,20000027,B,1369
25,20000030,B,2195
26,20000031,B,2835
27,20000032,B,1432
28,20000036,C,1625
29,20000037,C,1578
30,20000038,C,1633
31,20000039,B,2175
32,20000040,B,1750
33,20000041,B,2278
34,20000042,B,2584
35,20000044,B,1665
36,20000045,B,1339
37,20000046,B,1451
38,20000047,B,1649
39,20000048,B,1458
40,20000049,B,1335
41,20000050,B,1169
42,20000051,B,2311
43,20000053,B,1756
44,20000054,B,2119
45,20000055,B,1230
46,20000057,B,2405
47,20000058,B,2464
48,20000060,B,1992
49,20000065,B,914
50,20000066,C,3493
51,20000067,B,2775
52,20000068,B,1471
53,20000071,B,885
54,20000072,B,442
55,20000073,B,1252
56,20000074,B,1647
57,20000075,B,1875
58,20000076,C,1575
59,20000077,C,2355
60,20000079,B,59
61,20000080,C,3267
62,20000081,B,2449
63,20000083,B,1517
64,20000084,B,1433
65,20000085,B,1739
66,20000086,B,1881
67,20000089,B,3051
68,20000092,B,2081
69,20000093,B,1259
70,20000094,B,1194
71,20000095,B,850
72,20000098,B,930
73,20000099,B,1450
74,20000100,B,1612
75,20000101,B,2382
76,20000104,C,1104
77,20000105,B,1887
78,20000107,B,1922
79,20000108,C,3170
80,20000109,B,2126
81,20000111,B,1799
82,20000112,C,2084
83,20000113,B,1812
84,20000114,B,2327
85,20000116,B,2109
86,20000118,B,1577
87,20000119,B,1581
88,20000120,B,3130
89,20000121,C,668
90,20000123,B,1905
91,20000126,B,1759
92,20000128,B,1431
93,20000129,B,3207
94,20000131,B,1658
95,20000136,C,2788
96,20000137,B,2140
97,20000138,B,1766
98,20000140,B,3832
99,20000142,B,1926
100,20000144,B,1701
101,20000146,B,1905
102,20000148,B,1592
103,20000151,B,2130
104,20000152,B,1015
105,20000153,B,2358
106,20000154,B,3000
107,20000156,B,1832
108,20000157,A,1905
109,20000158,B,1827
110,20000159,C,1026
111,20000160,B,2396
112,20000161,B,1956
113,20000163,C,2161
114,20000166,B,1954
115,20000167,A,2109
116,20000170,B,4
117,20000171,B,2925
118,20000172,A,804
119,20000173,B,2368
120,20000174,B,2068
121,20000177,B,2061
122,20000178,B,1637
123,20000179,B,2579
124,20000180,B,1406
125,20000184,B,2541
126,20000185,B,431
127,20000186,B,1368
128,20000187,B,2277
129,20000188,B,2215
130,20000189,B,1256
131,20000190,B,1414
132,20000192,B,1887
133,20000195,B,3253
134,20000196,B,1782
135,20000197,B,2396
136,20000198,B,1551
137,20000199,B,3286
138,20000201,B,1917
139,20000205,C,852
140,20000206,B,1672
141,20000207,C,1825
142,20000213,B,1462
143,20000215,B,1915
144,20000216,B,2359
145,20000217,B,1214
146,20000222,B,1868
147,20000224,B,2235
148,20000225,B,489
149,20000226,B,1491
150,20000229,B,2000
151,20000230,B,1625
152,20000231,B,1238
153,20000233,B,3285
154,20000235,B,3207
155,20000239,B,2416
156,20000242,B,2433
157,20000243,B,1777
158,20000245,B,2326
159,20000246,B,1306
160,20000247,B,1384
161,20000248,B,272
162,20000249,B,2407
163,20000250,B,1783
164,20000251,B,1913
165,20000252,B,1898
166,20000254,B,2626
167,20000255,B,2048
168,20000256,B,2033
169,20000257,B,1194
170,20000258,A,1221
171,20000260,B,1818
172,20000261,B,1691
173,20000263,B,3050
174,20000267,B,1930
175,20000268,B,2774
176,20000269,B,2431
177,20000271,B,2195
178,20000272,B,1551
179,20000273,B,3308
180,20000276,C,3367
181,20000279,A,1322
182,20000280,B,1719
183,20000281,B,1726
184,20000285,B,3532
185,20000286,B,1193
186,20000288,B,1874
187,20000289,B,887
188,20000294,B,1264
189,20000295,B,1089
190,20000296,B,1356
191,20000297,C,2603
192,20000303,B,2616
193,20000304,C,3899
194,20000305,B,2936
195,20000307,C,3212
196,20000308,B,2820
197,20000309,B,1727
198,20000310,C,2679
199,20000311,B,2256
200,20000312,C,405
201,20000314,B,1516
202,20000315,B,872
203,20000319,B,1347
204,20000320,C,2740
205,20000321,B,2023
206,20000324,B,3019
207,20000325,B,3593
208,20000326,B,1802
209,20000327,B,2199
210,20000328,B,3431
211,20000329,B,1189
212,20000330,B,1372
213,20000331,B,2382
214,20000332,B,2178
215,20000333,B,2301
216,20000334,B,2190
217,20000337,C,2309
218,20000338,B,2099
219,20000340,B,1147
220,20000341,B,2330
221,20000342,B,1303
222,20000343,B,2475
223,20000344,B,1879
224,20000345,B,3416
225,20000346,A,1165
226,20000347,B,1199
227,20000349,B,1748
228,20000351,C,3239
229,20000352,B,1533
230,20000353,A,1212
231,20000356,C,2044
232,20000359,B,3297
233,20000360,B,2860
234,20000361,B,2189
235,20000362,B,1448
236,20000363,C,2069
237,20000364,C,4221
238,20000367,B,2983
239,20000370,B,2424
240,20000372,C,2611
241,20000373,B,977
242,20000376,C,1979
243,20000377,B,1286
244,20000380,B,1525
245,20000381,B,1748
246,20000383,B,1552
247,20000384,B,1673
248,20000386,B,2154
249,20000387,B,1679
250,20000388,B,1639
251,20000389,B,1582
252,20000391,B,2293
253,20000392,B,2525
254,20000393,B,1436
255,20000395,C,2999
256,20000397,B,992
257,20000398,B,2118
258,20000400,B,1502
259,20000403,C,3724
260,20000406,B,2530
261,20000407,B,822
262,20000408,B,1079
263,20000409,B,2166
264,20000410,B,1329
265,20000419,B,1934
266,20000421,B,2161
267,20000423,B,2687
268,20000424,B,2686
269,20000426,B,2045
270,20000429,B,2787
271,20000430,B,2171
272,20000431,B,2533
273,20000432,C,1153
274,20000434,B,2526
275,20000435,B,2942
276,20000436,C,2254
277,20000440,B,2138
278,20000443,B,750
279,20000446,B,2946
280,20000448,B,1314
281,20000449,B,520
282,20000450,B,2971
283,20000451,B,2096
284,20000452,B,1638
285,20000453,B,1764
286,20000454,B,2149
287,20000455,C,2079
288,20000456,C,1197
289,20000458,B,1084
290,20000460,B,1856
291,20000463,B,2001
292,20000464,B,1059
293,20000465,B,1479
294,20000467,C,2667
295,20000468,B,1452
296,20000470,B,1725
297,20000472,B,2890
298,20000473,B,2240
299,20000476,B,2588
300,20000477,C,1279
301,20000480,"A,B",1548
302,20000481,B,2120
303,20000482,B,2455
304,20000483,C,3413
305,20000484,B,1139
306,20000486,B,2248
307,20000487,B,1038
308,20000488,A,1670
309,20000492,B,3613
310,20000494,C,1500
311,20000495,B,1449
312,20000496,C,1273
313,20000497,B,2156
314,20000499,B,1253
315,20000500,B,2119
316,20000502,B,1282
317,20000503,B,2772
318,20000504,B,1605
319,20000506,B,2368
320,20000507,B,1217
321,20000508,B,1529
322,20000509,C,1671
323,20000510,C,361
324,20000513,B,1750
325,20000514,B,3360
326,20000515,B,2207
327,20000516,B,1595
328,20000517,B,3083
329,20000518,B,2710
330,20000520,C,2454
331,20000521,B,1407
332,20000523,B,1272
333,20000524,B,2121
334,20000525,B,2283
335,20000527,B,1410
336,20000529,C,3936
337,20000534,C,1461
338,20000535,B,819
339,20000539,B,1130
340,20000540,C,2393
341,20000541,B,2261
342,20000542,B,3460
343,20000543,C,811
344,20000545,B,723
345,20000546,B,1824
346,20000547,B,1332
347,20000548,C,1624
348,20000549,B,2022
349,20000554,B,2272
350,20000557,B,1773
351,20000560,B,2757
352,20000561,B,2620
353,20000562,B,1904
354,20000565,B,1638
355,20000569,C,2346
356,20000570,B,1611
357,20000571,B,2184
358,20000572,B,1969
359,20000574,C,3389
360,20000576,B,2173
361,20000577,B,2394
362,20000578,B,1754
363,20000579,B,414
364,20000585,B,156
365,20000586,B,788
366,20000588,B,2019
367,20000589,B,2934
368,20000591,B,2157
369,20000594,B,2078
370,20000595,B,1961
371,20000596,B,1894
372,20000597,B,1539
373,20000598,C,1694
374,20000600,B,2669
375,20000601,C,3065
376,20000602,A,1090
377,20000603,B,1248
378,20000604,B,1710
379,20000605,B,1674
380,20000606,B,1309
381,20000607,C,2016
382,20000608,B,1502
383,20000609,B,254
384,20000610,C,1535
385,20000611,B,2899
386,20000612,B,2959
387,20000615,B,981
388,20000616,C,3456
389,20000617,B,2928
390,20000618,B,2742
391,20000619,B,1544
392,20000620,C,879
393,20000621,B,3380
394,20000623,B,1596
395,20000624,B,3643
396,20000625,B,2944
397,20000626,B,3226
398,20000632,B,2935
399,20000633,B,3235
400,20000634,B,549
401,20000640,B,2981
402,20000648,B,3218
403,20000649,B,2414
404,20000651,C,1509
405,20000653,B,2914
406,20000657,C,1632
407,20000658,C,2331
408,20000662,B,2958
409,20000663,B,2397
410,20000664,C,1768
411,20000665,C,3385
412,20000667,B,2304
413,20000668,C,1786
414,20000669,B,1622
415,20000670,C,1302
416,20000671,B,2811
417,20000672,B,2092
418,20000674,B,2122
419,20000675,C,2552
420,20000676,B,1465
421,20000678,B,3165
422,20000680,B,2702
423,20000681,B,1348
424,20000682,B,1660
425,20000684,C,2333
426,20000685,B,1038
427,20000686,B,3843
428,20000687,B,1936
429,20000688,C,2458
430,20000692,C,627
431,20000693,C,981
432,20000695,B,839
433,20000697,B,1936
434,20000698,B,1441
435,20000900,B,2022
436,20000901,C,1481
437,20000902,B,419
438,20000903,B,1047
439,20000904,C,2934
440,20000941,C,4
441,20000969,C,30
442,20000981,C,1
